"model_id","name","north","south","east","west","lat","lng","scale","rotate","gps_mapping","color","zone_id"
"1","CSE Front Entrance","47.654","47.6527","-122.305","-122.307","47.65344596173613","-122.3055338859554","3.8978742687692685","4.047809034416984","{'./images/cse/IMG_0098.jpg': (47.65363273187265,-122.30541668224748),'./images/cse/take2-10.jpg': (47.653515739687435,-122.30516044961489),'./images/cse/take2-6.jpg': (47.65366015797797,-122.30529944020162),'/projects/grail/grail27/photocity27/bulk_files/images/9420.jpg': (47.65363614303838,-122.30522159649921),'/projects/grail/grail27/photocity27/bulk_files/images/10389.jpg': (47.65381965449866,-122.30520210688059),'/projects/grail/grail27/photocity27/bulk_files/images/12038.jpg': (47.65352245317436,-122.30519578888862),'/projects/grail/grail27/photocity27/bulk_files/images/12938.jpg': (47.65349636633215,-122.30544824556189),'/projects/grail/grail27/photocity27/bulk_files/images/13499.jpg': (47.65358883944397,-122.30501837542926),'/projects/grail/grail27/photocity27/bulk_files/images/14808.jpg': (47.65372894646423,-122.30564644782389),'/projects/grail/grail27/photocity27/bulk_files/images/15810.jpg': (47.65377280141349,-122.30555416587848),'/projects/grail/grail27/photocity27/bulk_files/images/18745.jpg': (47.65377468329978,-122.30521035534254),'/projects/grail/grail27/photocity27/bulk_files/images/18829.jpg': (47.653645345104344,-122.30524475246436),'/projects/grail/grail27/photocity27/bulk_files/images/18927.jpg': (47.65315933709454,-122.30480636746944),'/projects/grail/grail27/photocity27/bulk_files/images/18890.jpg': (47.65324683628295,-122.30503362236242),'/projects/grail/grail27/photocity27/bulk_files/images/19325.jpg': (47.65372944642379,-122.3056225679419),'/projects/grail/grail27/photocity27/bulk_files/images/19353.jpg': (47.65388001362743,-122.30587193033334),'/projects/grail/grail27/photocity27/bulk_files/images/19419.jpg': (47.65349445104938,-122.30544696615037),'/projects/grail/grail27/photocity27/bulk_files/images/19456.jpg': (47.653534485460504,-122.30541858588967),'/projects/grail/grail27/photocity27/bulk_files/images/20752.jpg': (47.653831324094746,-122.30597567772205),'/projects/grail/grail27/photocity27/bulk_files/images/21059.jpg': (47.65290349793128,-122.3048543219246),'/projects/grail/grail27/photocity27/bulk_files/images/21079.jpg': (47.65290195928212,-122.30529402254159),'/projects/grail/grail27/photocity27/bulk_files/images/21110.jpg': (47.6534735294454,-122.3053588691895),'/projects/grail/grail27/photocity27/bulk_files/images/21329.jpg': (47.653139134816584,-122.30465102221282),'/projects/grail/grail27/photocity27/bulk_files/images/21356.jpg': (47.65324151881362,-122.30513056891041),'/projects/grail/grail27/photocity27/bulk_files/images/19323.jpg': (47.65391353740464,-122.30603853032675),'/projects/grail/grail27/photocity27/bulk_files/images/18729.jpg': (47.65392692166784,-122.3059159740191),'/projects/grail/grail27/photocity27/bulk_files/images/19102.jpg': (47.65295030912858,-122.30525195018093),'/projects/grail/grail27/photocity27/bulk_files/images/29413.jpg': (47.65324635368162,-122.30506712887247),}","6F008D","16"
"2","Electrical Engineering","47.654","47.6527","-122.305","-122.307","47.6537386581783","-122.306542396545","0","0",,"008D5E","16"
"3","James J. Hill Statue","47.6529","47.65256","-122.3049","-122.3057","47.6528063609613","-122.305405139923","0","0",,"DC5C00","16"
"5","Southeast Corner of CSE","47.654","47.6527","-122.305","-122.307","47.6530448571826","-122.305727005005","0","0",,"E9EC00","16"
"6","Fountain-facing Corner of EE","47.655","47.6527","-122.305","-122.308","47.6535507546522","-122.307143211365","0","0",,"EC0062","16"
"39","Denny Hall","47.6588249206543","47.65762710571289","-122.30790710449219","-122.30937194824219","47.658226013183594","-122.30863952636719","0","0",,"ff0000","16"
"36","Hing Hay Park","47.5988939562988","47.5983882629395","-122.324507683105","-122.326559887695","47.59860610961914","-122.32546997070312","0","0",,"ff0000","3"
"10","Commodore Apartments","47.6564704099956","47.6551840473137","-122.311670780182","-122.313344478607","47.6557332846951","-122.312250137329","0","0",,"993300","16"
"11","Allen Library","47.6558633663866","47.6531315828111","-122.305941581726","-122.308773994446","47.6557332846951","-122.306756973267","0","0",,"990066","16"
"12","Engineering Library","47.6550033758597","47.6530737657414","-122.304010391235","-122.305684089661","47.6544758116364","-122.304718494415","0","0",,"6699FF","16"
"13","Guggenheim","47.6558633663866","47.6531315828111","-122.3045041581726","-122.308773994446","47.654259002876","-122.306520938873","0","0",,"B83D7A","16"
"14","Mechanical Engineering","47.6550033758597","47.6530737657414","-122.304010391235","-122.305684089661","47.6536085711938","-122.304975986481","0","0",,"2E8A5C","16"
"23","Uris Library","42.4480506028773","42.4472985122074","-76.4847564697266","-76.4859795570374","42.4476745575423","-76.485368013382","0","0",,"ff0000","17"
"22","AD White House","42.4484741447011","42.4480189360838","-76.4817309379578","-76.482130587101","42.4482465403925","-76.4819307625294","0","0",,"ff0000","17"
"24","McGraw Hall","42.4498714165781","42.4489689329245","-76.4849495887756","-76.4858937263489","42.4494201747513","-76.4854216575623","0","0",,"ff0000","17"
"34","Sage Chapel","42.4474608062213","42.4469739229183","-76.4840751886368","-76.4849013090134","42.4472173645698","-76.4844882488251","0","0",,"FF0000","17"
"33","Goldwin Smith Hall","42.4496853793451","42.448426644826","-76.4829862117767","-76.483935713768","42.4490560120856","-76.4834609627724","0","0",,"FF0000","17"
"32","Sage Hall","42.4467","42.445","-76.4823","-76.4842","42.4458853480963","-76.4833134412766","0","0",,"FF0000","17"
"31","Suzzallo","47.6564270499719","47.6548262325164","-122.307265891266","-122.309874809265","47.6557766412442","-122.308720350266","0","0",,"440099","16"
"30","Mary Gates (West Side)","47.6557043776085","47.654003371169","-122.30710341507","-122.308924198151","47.6549238743888","-122.30810880661","0","0",,"ff0000","16"
"35","ILR Conference Center","42.4474410142909","42.4464751604891","-76.4799231290817","-76.4803200960159","42.44695808739","-76.4801216125488","0","0",,"FF0000","17"
"38","Parrington House at Cowell","36.99699020385742","36.996177673339844","-122.05360412597656","-122.0548095703125","36.996585845947266","-122.05420684814453","0","0",,"ff0000","8"
"43","Trial CSE","47.654144287109375","47.65272521972656","-122.30510711669922","-122.3076400756836","47.65343475341797","-122.3063735961914","0","0",,"ff0000","4"
"44","Trial Mech Eng","47.654502868652344","47.65298843383789","-122.30437469482422","-122.3052978515625","47.65374755859375","-122.30484008789062","0","0",,"ff0000","4"
"45","Kresge Mural","36.997867584228516","36.99715805053711","-122.06549835205078","-122.06681823730469","36.99751281738281","-122.06615447998047","0","0",,"ff0000","8"
"46","Smithsonian","38.8894157409668","38.887691497802734","-77.02509307861328","-77.02685546875","38.888553619384766","-77.0259780883789","0","0",,"ff0000","-1"
"47","St. Patricks","40.75913619995117","40.75780487060547","-73.97513580322266","-73.97709655761719","40.75847244262695","-73.97611236572266","0","0",,"ff0000","5"
"48","Carnegie Hall","40.765419006347656","40.76454544067383","-73.97938537597656","-73.98046875","40.7648441308594","-73.97992706298828","0","0",,"ff0000","5"
"51","St. Basils Cathedral","55.753971099853516","55.75205612182617","37.623817443847656","37.62126922607422","55.7524","37.6232","0","0",,"ff0000","10"
"52","Trinity Church","42.350616455078125","42.34951400756836","-71.07457733154297","-71.07624053955078","42.35006332397461","-71.07540893554688","0","0",,"ff0000","9"
"56","Husky Union Building","47.65589141845703","47.65462112426758","-122.30476379394531","-122.30579376220703","47.65525817871094","-122.3052749633789","0","0",,"ff0000","16"
"57","Gasworks Park","47.646785736083984","47.64432907104492","-122.33235931396484","-122.33819580078125","47.64555740356445","-122.33527374267578","0","0",,"ff0000","13"
"55","Chicago Board of Trade","41.878604888916016","41.876686096191406","-87.63019561767578","-87.63343048095703","41.877647399902344","-87.6318130493164","0","0",,"ff0000","11"
"58","River City","41.872398376464844","41.870399475097656","-87.63330078125","-87.63600158691406","41.87139892578125","-87.63465118408203","0","0",,"ff0000","11"
"59","2300 Garden St steps","34.4392738342285","34.4388313293457","-119.715133666992","-119.715400695801","34.43905258178711","-119.71527099609375","0","0",,"ff0000","14"
"60","Santa Barbara Mission ","34.439300537109375","34.437599182128906","-119.71299743652344","-119.71499633789062","34.43840789794922","-119.7138900756836","0","0",,"ff0000","14"
"70","Mechanical Engineering","47.65457534790039","47.65309524536133","-122.30378723144531","-122.305149","47.65383529663086","-122.30474853515625","0","0",,"ff0000","22"
"71","AD White House","42.448638916015625","42.44784164428711","-76.48126220703125","-76.48265838623047","42.4482421875","-76.48196411132812","0","0",,"ff0000","23"
"69","James Hill Statue","47.65299987792969","47.652198791503906","-122.3042984008789","-122.30570220947266","47.6525993347168","-122.30500030517578","0","0",,"ff0000","22"
"68","McGraw Hall","42.449851989746094","42.44905090332031","-76.48473358154297","-76.48612976074219","42.4494514465332","-76.48543548583984","0","0",,"ff0000","23"
"72","Uris Library","42.448097229003906","42.44729995727539","-76.4847412109375","-76.48614501953125","42.447696685791016","-76.48544311523438","0","0",,"ff0000","23"
"73","Sage Hall","42.446311950683594","42.44551467895508","-76.48255920410156","-76.48396301269531","42.4459114074707","-76.48326110839844","0","0",,"ff0000","23"
"75","Allen Library","47.656131744384766","47.65498352050781","-122.3060073852539","-122.30810546875","47.655555725097656","-122.30706024169922","0","0",,"ff0000","22"
"76","Engineering Library","47.654869079589844","47.65406799316406","-122.30396270751953","-122.30535888671875","47.65446853637695","-122.30465698242188","0","0",,"ff0000","22"
"77","Lewis Hall","47.65911102294922","47.65853500366211","-122.30492401123047","-122.30577087402344","47.65882110595703","-122.30534362792969","0","0",,"ff0000","22"
"78","White Hall","42.45048141479492","42.450016021728516","-76.4852066040039","-76.48548126220703","42.45024871826172","-76.48534393310547","0","0",,"ff0000","23"
"79","Bailey Hall","42.4494895935059","42.4488563537598","-76.4796829223633","-76.4806594848633","42.44917297363281","-76.48017120361328","0","0",,"ff0000","23"
"80","Stimson Hall","42.4479866027832","42.44758224487305","-76.48298645019531","-76.48381805419922","42.447784423828125","-76.4833984375","0","0",,"ff0000","23"
"81","Hutchinson Hall","47.660072326660156","47.6591682434082","-122.30599975585938","-122.30731964111328","47.65962219238281","-122.3066635131836","0","0",,"ff0000","22"
"85","Bartels Hall","42.4461669921875","42.4451468322754","-76.47540283203125","-76.4780044555664","42.44575500488281","-76.4767074584961","0","0",,"ff0000","23"
"83","Court Kay Hall","42.45473098754883","42.45393753051758","-76.4776611328125","-76.4784164428711","42.4543342590332","-76.47803497314453","0","0",,"ff0000","23"
"84","Friedman Wrestling Center","42.4462198547363","42.44538497924805","-76.47417449951172","-76.47493743896484","42.44560241699219","-76.47455596923828","0","0",,"ff0000","23"
"86","Thurston, Kimball, Bard Halls","42.444175720214844","42.443599700927734","-76.48308563232422","-76.48433685302734","42.44388961791992","-76.48371124267578","0","0",,"ff0000","23"
"87","Rand Hall","42.45133972167969","42.4510498046875","-76.48250579833984","-76.48336029052734","42.451194763183594","-76.4829330444336","0","0",,"ff0000","23"
"88","Mews Hall","42.45494079589844","42.45387649536133","-76.47618103027344","-76.47757720947266","42.454410552978516","-76.47687530517578","0","0",,"ff0000","23"
"89","Olin library","42.44816207885742","42.44754409790039","-76.48373413085938","-76.48495483398438","42.447853088378906","-76.48434448242188","0","0",,"ff0000","23"
"90","Morrill hall","42.44891357421875","42.44834899902344","-76.48517608642578","-76.48562622070312","42.448631286621094","-76.48539733886719","0","0",,"ff0000","23"
"91","Chemistry Building","47.65327835083008","47.65275573730469","-122.30780792236328","-122.30860900878906","47.653018951416016","-122.30821228027344","0","0",,"ff0000","22"
"92","Sibley Hall","42.45107650756836","42.450748443603516","-76.4832763671875","-76.48499298095703","42.45091247558594","-76.484130859375","0","0",,"ff0000","23"
"93","Clara Dickson Hall","42.45512390136719","42.45400619506836","-76.47836303710938","-76.48003387451172","42.454566955566406","-76.47920227050781","0","0",,"ff0000","23"
"94","Risley Residential College for the Creative and Performing Arts","42.4534797668457","42.45245361328125","-76.4813003540039","-76.48267364501953","42.452964782714844","-76.48198699951172","0","0",,"ff0000","23"
"95","Schoellkopf","42.445518493652344","42.44255447387695","-76.47696685791016","-76.47960662841797","42.44403839111328","-76.47828674316406","0","0",,"ff0000","23"
"96","Rhodes hall","42.44377899169922","42.44303512573242","-76.48063659667969","-76.48225402832031","42.44340896606445","-76.4814453125","0","0",,"ff0000","23"
"97","Hollister hall","42.44477462768555","42.443851470947266","-76.48426055908203","-76.485107421875","42.444313049316406","-76.48468780517578","0","0",,"ff0000","23"
"98","Comstock Hall","42.446929931640625","42.44610595703125","-76.47909545898438","-76.47966003417969","42.44651794433594","-76.47937774658203","0","0",,"ff0000","23"
"243","Fremont Troll","47.6513825881","47.6505947987","-122.3465502262","-122.3479557037","47.65107903701035","-122.34731197357233","0.0030660055754523664","0.05640644020766894","{'/projects/grail/photocity3/user_seeds/496/img8897.jpg': (47.65104293492201,-122.34725931426094),'/projects/grail/photocity3/user_seeds/496/img8920.jpg': (47.65100417463144,-122.34731089310354),'/projects/grail/photocity3/user_seeds/496/img8942.jpg': (47.65097705368463,-122.34734579145271),'/projects/grail/grail27/photocity27/bulk_files/images/144867.jpg': (47.65098299433989,-122.34731183476623),'/projects/grail/grail27/photocity27/bulk_files/images/144890.jpg': (47.651011192501585,-122.34730907896609),'/projects/grail/grail27/photocity27/bulk_files/images/144909.jpg': (47.65097015219012,-122.34727933199045),'/projects/grail/grail27/photocity27/bulk_files/images/144945.jpg': (47.650862833311436,-122.3472790961572),'/projects/grail/grail27/photocity27/bulk_files/images/144972.jpg': (47.650969920649494,-122.34727009601791),'/projects/grail/grail27/photocity27/bulk_files/images/144997.jpg': (47.651020723359075,-122.34729001776923),'/projects/grail/grail27/photocity27/bulk_files/images/145018.jpg': (47.65097774192421,-122.34730176370351),'/projects/grail/grail27/photocity27/bulk_files/images/145040.jpg': (47.650983242530785,-122.3473378220954),'/projects/grail/grail27/photocity27/bulk_files/images/145068.jpg': (47.65099890924929,-122.34730246957727),'/projects/grail/grail27/photocity27/bulk_files/images/145095.jpg': (47.65103249420853,-122.34731596902037),'/projects/grail/grail27/photocity27/bulk_files/images/145120.jpg': (47.65105765937116,-122.3473047165022),'/projects/grail/grail27/photocity27/bulk_files/images/145152.jpg': (47.65084240765368,-122.3473704768639),'/projects/grail/grail27/photocity27/bulk_files/images/145181.jpg': (47.650989688142346,-122.3472622291872),'/projects/grail/grail27/photocity27/bulk_files/images/145201.jpg': (47.6510428975622,-122.34731972070536),'/projects/grail/grail27/photocity27/bulk_files/images/145223.jpg': (47.65103409158893,-122.34732277417547),'/projects/grail/grail27/photocity27/bulk_files/images/145246.jpg': (47.65098438022497,-122.34725474929165),'/projects/grail/grail27/photocity27/bulk_files/images/145267.jpg': (47.65099221011234,-122.34730826928886),'/projects/grail/grail27/photocity27/bulk_files/images/145295.jpg': (47.651024297933034,-122.3472925792928),'/projects/grail/grail27/photocity27/bulk_files/images/145321.jpg': (47.650865637974924,-122.34726352546124),'/projects/grail/grail27/photocity27/bulk_files/images/145342.jpg': (47.650981564540764,-122.34732856182852),'/projects/grail/grail27/photocity27/bulk_files/images/145366.jpg': (47.65096301592405,-122.34729065750095),'/projects/grail/grail27/photocity27/bulk_files/images/145392.jpg': (47.65084971478351,-122.34738086902733),'/projects/grail/grail27/photocity27/bulk_files/images/145415.jpg': (47.65099351670639,-122.34729920917073),'/projects/grail/grail27/photocity27/bulk_files/images/145441.jpg': (47.65102019878237,-122.34725191054112),'/projects/grail/grail27/photocity27/bulk_files/images/145465.jpg': (47.65105037233766,-122.34732256954602),'/projects/grail/grail27/photocity27/bulk_files/images/145487.jpg': (47.650995973491426,-122.34729381590584),'/projects/grail/grail27/photocity27/bulk_files/images/145511.jpg': (47.6510138155141,-122.34735743685184),'/projects/grail/grail27/photocity27/bulk_files/images/145531.jpg': (47.65099646635886,-122.34733637936662),'/projects/grail/grail27/photocity27/bulk_files/images/145553.jpg': (47.65101496752292,-122.3473056428913),'/projects/grail/grail27/photocity27/bulk_files/images/145583.jpg': (47.65099427595525,-122.34739598352476),}","ff0000","18"
"100","Bauer Hall","42.4539985657","42.4534988403","-76.4782028198","-76.4787979126","42.45375061035156","-76.47850036621094","0","0",,"ff0000","23"
"101","Anabel Taylor Hall","42.44507598876953","42.44459915161133","-76.48542785644531","-76.48629760742188","42.44483947753906","-76.4858627319336","0","0",,"ff0000","23"
"102","Olin Hall","42.4461669921875","42.44521713256836","-76.48393249511719","-76.48505401611328","42.4456901550293","-76.48448944091797","0","0",,"ff0000","23"
"103","Carpenter Hall","42.44501876831055","42.444488525390625","-76.48381042480469","-76.48465728759766","42.44475555419922","-76.4842300415039","0","0",,"ff0000","23"
"104","Goldwin Smith Hall","42.449729919433594","42.44841384887695","-76.4829330444336","-76.48401641845703","42.44906997680664","-76.48347473144531","0","0",,"ff0000","23"
"105","Johnson Museum of Art","42.45095443725586","42.45045852661133","-76.48585510253906","-76.4864273071289","42.450706481933594","-76.48613739013672","0","0",,"ff0000","23"
"106","Olive Tjaden Hall","42.451053619384766","42.45073699951172","-76.4849624633789","-76.48574829101562","42.450897216796875","-76.48535919189453","0","0",,"ff0000","23"
"107","Lincoln Hall","42.450557708740234","42.44983673095703","-76.48310852050781","-76.48395538330078","42.4501953125","-76.48352813720703","0","0",,"ff0000","23"
"108","Helen Newman Hall","42.453189849853516","42.45269012451172","-76.47669982910156","-76.47804260253906","42.452938079833984","-76.47737121582031","0","0",,"ff0000","23"
"109","Fuertes Observatory","42.45286178588867","42.452659606933594","-76.47428894042969","-76.4747314453125","42.452762603759766","-76.4745101928711","0","0",,"ff0000","23"
"110","uris hall","42.447566986083984","42.446876525878906","-76.48173522949219","-76.48272705078125","42.44721984863281","-76.48223114013672","0","0",,"ff0000","23"
"111","Robert Purcell Community Center","42.456275939941406","42.45556640625","-76.47703552246094","-76.47795104980469","42.4559211730957","-76.47749328613281","0","0",,"ff0000","23"
"112","Malott Hall","42.44843292236328","42.44774627685547","-76.4798355102539","-76.4806137084961","42.448089599609375","-76.480224609375","0","0",,"ff0000","23"
"113","Kane Hall","47.6570014954","47.6561012268","-122.3079986572","-122.3099975586","47.656551361083984","-122.30899810791016","0","0",,"ff0000","22"
"114","Mary Gates Hall","47.655372619628906","47.654258728027344","-122.30699157714844","-122.30862426757812","47.654815673828125","-122.30780792236328","0","0",,"ff0000","22"
"115","Smith Hall","47.65706253051758","47.656036376953125","-122.30656433105469","-122.30834197998047","47.656551361083984","-122.30745697021484","0","0",,"ff0000","22"
"116","Odegaard","47.6569900513","47.6559638977","-122.3096542358","-122.3111343384","47.65647888183594","-122.31039428710938","0","0",,"ff0000","22"
"117","Gerberding Hall","47.65554428100586","47.655113220214844","-122.30889892578125","-122.3099365234375","47.65532684326172","-122.30941772460938","0","0",,"ff0000","22"
"118","Suzzallo","47.65610122680664","47.655399322509766","-122.30799865722656","-122.30899810791016","47.6557502746582","-122.30850219726562","0","0",,"ff0000","22"
"120","Guggenheim","47.654701232910156","47.65390396118164","-122.30535125732422","-122.30674743652344","47.654300689697266","-122.30604553222656","0","0",,"ff0000","22"
"122","Husky Union Building","47.65566635131836","47.65486526489258","-122.3048095703125","-122.30621337890625","47.65526580810547","-122.30551147460938","0","0",,"ff0000","22"
"123","Theodor Jacobsen Observatory","47.66077423095703","47.65997314453125","-122.30854797363281","-122.30995178222656","47.66037368774414","-122.30924987792969","0","0",,"ff0000","22"
"124","Husky Stadium","47.65110397338867","47.65030288696289","-122.30249786376953","-122.30389404296875","47.65070343017578","-122.30319213867188","0","0",,"ff0000","22"
"125","More Hall","47.65299987792969","47.652034759521484","-122.30408477783203","-122.30561065673828","47.65251541137695","-122.30484771728516","0","0",,"ff0000","22"
"126","More Hall Annex","47.65300369262695","47.65257263183594","-122.30415344238281","-122.3048095703125","47.65279006958008","-122.30448150634766","0","0",,"ff0000","22"
"127","Mueller Hall","47.65264129638672","47.65193176269531","-122.30506134033203","-122.30611419677734","47.652286529541016","-122.30558776855469","0","0",,"ff0000","22"
"128","Botany Green House","47.652713775634766","47.65193557739258","-122.3094253540039","-122.31057739257812","47.65232467651367","-122.31000518798828","0","0",,"ff0000","22"
"129","Benson Hall","47.653358459472656","47.652774810791016","-122.30902862548828","-122.30994415283203","47.6530647277832","-122.30948638916016","0","0",,"ff0000","22"
"130","Bagley Hall","47.65407180786133","47.65289306640625","-122.30802154541016","-122.30957794189453","47.653480529785156","-122.30879974365234","0","0",,"ff0000","22"
"131","Schmitz Hall","47.65682601928711","47.65529251098633","-122.31202697753906","-122.3132553100586","47.65605926513672","-122.3126449584961","0","0",,"ff0000","22"
"132","Myron Taylor Hall","42.44461441040039","42.44346618652344","-76.48538970947266","-76.48697662353516","42.44404220581055","-76.4861831665039","0","0",,"ff0000","23"
"133","Duffield Hall","42.44513702392578","42.44400405883789","-76.48158264160156","-76.48320007324219","42.44457244873047","-76.48239135742188","0","0",,"ff0000","23"
"134","Barnes Hall","42.4467010498","42.4462013245","-76.4839019775","-76.4849014282","42.446449279785156","-76.4843978881836","0","0",,"ff0000","23"
"135","Sage Chapel","42.4474983215","42.4469985962","-76.4840011597","-76.4850006104","42.44725036621094","-76.4844970703125","0","0",,"ff0000","23"
"136","Willard Straight Hall","42.4468994141","42.4462013245","-76.4852981567","-76.4861984253","42.44654846191406","-76.48574829101562","0","0",,"ff0000","23"
"137","308 Wait Avenue Cooperative","42.4544991088867","42.4541007446289","-76.4803000854492","-76.4807976318359","42.45429992675781","-76.48055267333984","0","0",,"ff0000","23"
"138","Parrington Hall","47.657867431640625","47.65711975097656","-122.30974578857422","-122.31080627441406","47.657493591308594","-122.31027221679688","0","0",,"ff0000","22"
"139","Burke Museum","47.66104507446289","47.65986251831055","-122.3099136352539","-122.31159210205078","47.66045379638672","-122.31075286865234","0","0",,"ff0000","22"
"140","Hughes Penthouse Theatre","47.6609992980957","47.66038131713867","-122.30768585205078","-122.30859375","47.66069030761719","-122.30813598632812","0","0",,"ff0000","22"
"141","Roberts Hall","47.6522750854","47.6518325806","-122.3048629761","-122.3053894043","47.65205383300781","-122.30513000488281","0","0",,"ff0000","22"
"142","School of Music","47.65812683105469","47.65732955932617","-122.30528259277344","-122.30668640136719","47.6577262878418","-122.30598449707031","0","0",,"ff0000","22"
"162","UCLA","34.072139739990234","34.07134246826172","-118.4385757446289","-118.43997955322266","34.071739196777344","-118.43927764892578","0","0",,"ff0000","20"
"144","Church, 15th Ave 43 St NE","47.65974807739258","47.65867614746094","-122.31202697753906","-122.3127670288086","47.659210205078125","-122.31239318847656","0","0",,"ff0000","22"
"145","Power Plant","47.654499054","47.6529998779","-122.3030014038","-122.3040008545","47.653751373291016","-122.30349731445312","0","0",,"ff0000","22"
"146","Johnson Hall","47.654903411865234","47.65410614013672","-122.30815887451172","-122.30956268310547","47.6546028686523","-122.308960778809","0","0",,"ff0000","22"
"147","Architecture","47.65496063232422","47.6541633605957","-122.31013488769531","-122.31153106689453","47.654563903808594","-122.31083679199219","0","0",,"ff0000","22"
"148","Hec Edmundson Pavilion","47.65259552001953","47.65165710449219","-122.30229187011719","-122.30291748046875","47.65212631225586","-122.30260467529297","0","0",,"ff0000","22"
"149","William Gates Hall (Law)","47.65953063964844","47.65877151489258","-122.31015014648438","-122.31156158447266","47.65915298461914","-122.31085205078125","0","0",,"ff0000","22"
"150","Prospect of Whitby Cooperative","42.4549942017","42.4547538757","-76.4819030762","-76.4822998047","42.45487594604492","-76.48210144042969","0","0",,"ff0000","23"
"151","Sieg Hall","47.6552009583","47.654499054","-122.3059997559","-122.3069992065","47.654850006103516","-122.30650329589844","0","0",,"ff0000","22"
"152","Denny Hall","47.6588249206543","47.65762710571289","-122.30790710449219","-122.30937194824219","47.658226013183594","-122.30863952636719","0","0",,"ff0000","22"
"153","Communications","47.6574592590332","47.65622329711914","-122.30467224121094","-122.30643463134766","47.65684127807617","-122.30555725097656","0","0",,"ff0000","22"
"154","Guthrie Hall","47.65415954589844","47.65377426147461","-122.31050872802734","-122.31121826171875","47.65396499633789","-122.31085968017578","0","0",,"ff0000","22"
"155","Meany Hall","47.65599823","47.6551017761","-122.3099975586","-122.3109970093","47.655548095703125","-122.31050109863281","0","0",,"ff0000","22"
"156","Foege Hall","47.652797699","47.6515846252","-122.3119049072","-122.313621521","47.652191162109375","-122.3127670288086","0","0",,"ff0000","22"
"157","Anderson Hall","47.651859283447266","47.65167236328125","-122.30712127685547","-122.30802154541016","47.651763916015625","-122.30757141113281","0","0",,"ff0000","22"
"158","Physics Auditorium","47.65347671508789","47.65239334106445","-122.31038665771484","-122.31177520751953","47.65293502807617","-122.31108093261719","0","0",,"ff0000","22"
"159","Wilson Annex","47.651668548583984","47.65123748779297","-122.30482482910156","-122.30547332763672","47.65145492553711","-122.3051528930664","0","0",,"ff0000","22"
"160","Wilcox Hall","47.6518936157","47.651550293","-122.3041381836","-122.3048019409","47.6517219543457","-122.3044662475586","0","0",,"ff0000","22"
"161","Johnson Hall","47.65489196777344","47.654090881347656","-122.30809783935547","-122.30949401855469","47.6541914245605","-122.30879211425781","0","0",,"ff0000","22"
"163","Physics Astronomy","47.65386962890625","47.65310287475586","-122.3104476928711","-122.31211853027344","47.65348434448242","-122.31128692626953","0","0",,"ff0000","22"
"164","Physics/Astronomy Bldg ","47.65370178222656","47.653465270996094","-122.31067657470703","-122.31170654296875","47.65358352661133","-122.31118774414062","0","0",,"ff0000","22"
"165","Hall Health","47.656497955322266","47.655818939208984","-122.3036880493164","-122.3045883178711","47.656158447265625","-122.30413818359375","0","0",,"ff0000","22"
"166","Electrical Engineering","47.65386199951172","47.6528434753418","-122.3051986694336","-122.30736541748047","47.653350830078125","-122.30628204345703","0","0",,"ff0000","22"
"167","Sylvan Theater","47.65324783325195","47.65224838256836","-122.30542755126953","-122.30714416503906","47.652748107910156","-122.30628204345703","0","0",,"ff0000","22"
"168","White Stag Building, Old Town, Portland, Oregon","45.52384948730469","45.523162841796875","-122.67035675048828","-122.6714096069336","45.52350616455078","-122.67088317871094","0","0",,"ff0000","19"
"169","Art Building","47.65895080566406","47.65774154663086","-122.30559539794922","-122.30744171142578","47.65834426879883","-122.3065185546875","0","0",,"ff0000","22"
"170","Miller Hall","47.65753936767578","47.6568489074707","-122.30587005615234","-122.30695343017578","47.657196044921875","-122.30641174316406","0","0",,"ff0000","22"
"171","Raitt Hall","47.65819549560547","47.65760040283203","-122.30679321289062","-122.30770874023438","47.65789794921875","-122.3072509765625","0","0",,"ff0000","22"
"172","War Memorial","42.447898864746094","42.447086334228516","-76.48774719238281","-76.48824310302734","42.44749069213867","-76.48799896240234","0","0",,"ff0000","23"
"173","Clark Hall","47.65801239013672","47.65718460083008","-122.30455017089844","-122.30529022216797","47.65760040283203","-122.30491638183594","0","0",,"ff0000","22"
"174","MacKenzie Hall","47.65923309326172","47.65838623046875","-122.30674743652344","-122.30785369873047","47.658809661865234","-122.30729675292969","0","0",,"ff0000","22"
"185","Barton Hall","42.44635772705078","42.445579528808594","-76.47990417480469","-76.48163604736328","42.44596862792969","-76.48077392578125","0","0",,"ff0000","23"
"186","Mary Donlon Hall","42.4553642273","42.4546356201","-76.4772796631","-76.4782409668","42.45500183105469","-76.4777603149414","0","0",,"ff0000","23"
"177","Fluke Hall","47.65629577636719","47.65531539916992","-122.30270385742188","-122.30360412597656","47.65580368041992","-122.30315399169922","0","0",,"ff0000","22"
"178","Henderson Hall","47.65541458129883","47.654842376708984","-122.31643676757812","-122.31739807128906","47.655128479003906","-122.3169174194336","0","0",,"ff0000","22"
"179","Roberts Hall","42.449058532714844","42.44768524169922","-76.4788589477539","-76.4797134399414","42.44837188720703","-76.47928619384766","0","0",,"ff0000","23"
"180","Hansee Hall 2","47.66114044189453","47.660301208496094","-122.30567169189453","-122.30746459960938","47.66072082519531","-122.30657196044922","0","0",,"ff0000","22"
"181","Noyes Community Centre","42.44670486450195","42.44623947143555","-76.48776245117188","-76.48834228515625","42.44647216796875","-76.48805236816406","0","0",,"ff0000","23"
"182","Anna Comstock Hall (Latino Living Center)","42.4541130066","42.4536781311","-76.482170105","-76.4828491211","42.453895568847656","-76.48250579833984","0","0",,"ff0000","23"
"183","Baker Tower","42.44914245605469","42.44862365722656","-76.4878158569336","-76.48846435546875","42.448883056640625","-76.4881362915039","0","0",,"ff0000","23"
"184","Founders Hall","42.448707580566406","42.448204040527344","-76.48779296875","-76.48806762695312","42.448455810546875","-76.48793029785156","0","0",,"ff0000","23"
"187","Caldwell Hall","42.44931411743164","42.44911193847656","-76.47798156738281","-76.47859191894531","42.44921112060547","-76.47828674316406","0","0",,"ff0000","23"
"188","Balch Hall","42.4539642334","42.4527854919","-76.4788742065","-76.48046875","42.453372955322266","-76.47966766357422","0","0",,"ff0000","23"
"189","Appel Community Center","42.45379638671875","42.45330047607422","-76.47570037841797","-76.47659301757812","42.453548431396484","-76.47614288330078","0","0",,"ff0000","23"
"190","Wilcox Hall 2","47.652244567871094","47.65150833129883","-122.30408477783203","-122.30506896972656","47.651878356933594","-122.30457305908203","0","0",,"ff0000","22"
"191","Plant Operation Annex 2","47.65479278564453","47.6545295715332","-122.3038101196289","-122.30398559570312","47.6546630859375","-122.30389404296875","0","0",,"ff0000","22"
"192","Bloedel Hall","47.65180206298828","47.650760650634766","-122.30677795410156","-122.30838775634766","47.651283264160156","-122.30758666992188","0","0",,"ff0000","22"
"193","302 Wait Avenue Cooperative","42.45470047","42.4543991089","-76.4809036255","-76.4814224243","42.45454788208008","-76.48116302490234","0","0",,"ff0000","23"
"194","Day Hall","42.4474563599","42.4469032288","-76.4828567505","-76.4837493896","42.44717788696289","-76.4832992553711","0","0",,"ff0000","23"
"195","Statler Hall","42.4468002319","42.4452095032","-76.4816741943","-76.4825286865","42.44600296020508","-76.48210144042969","0","0",,"ff0000","23"
"196","George Jameson Hall","42.45589828491211","42.45539855957031","-76.47799682617188","-76.47850036621094","42.455650329589844","-76.47823333740234","0","0",,"ff0000","23"
"197","Savery Hall","47.657554626464844","47.65668869018555","-122.30741882324219","-122.30899047851562","47.65711975097656","-122.3082046508789","0","0",,"ff0000","22"
"198","Henry Art","47.656890869140625","47.65584945678711","-122.31127166748047","-122.31205749511719","47.656368255615234","-122.3116683959961","0","0",,"ff0000","22"
"199","High Rise 5","42.456298828125","42.45589828491211","-76.47650146484375","-76.47699737548828","42.45612716674805","-76.47675323486328","0","0",,"ff0000","23"
"200","Lander/Terry","47.656158447265625","47.6553840637207","-122.31439208984375","-122.31597900390625","47.65576934814453","-122.315185546875","0","0",,"ff0000","22"
"201","UW Medical","47.65119552612305","47.64862060546875","-122.30577087402344","-122.30907440185547","47.64990997314453","-122.30741882324219","0","0",,"ff0000","22"
"202","Hoy Field","42.4451751709","42.4432754517","-76.4793624878","-76.4815063477","42.4442253112793","-76.48043060302734","0","0",,"ff0000","23"
"203","Instructional Center Theater","47.65536880493164","47.654911041259766","-122.31379699707031","-122.31439208984375","47.6551399230957","-122.31409454345703","0","0",,"ff0000","22"
"204","Community Design Center New","47.65532684326172","47.65514373779297","-122.31341552734375","-122.3138656616211","47.655235290527344","-122.31363677978516","0","0",,"ff0000","22"
"212","Lewis Hall","47.65910720825195","47.658607482910156","-122.30506134033203","-122.3057632446289","47.65885543823242","-122.30541229248047","0","0",,"ff0000","24"
"237","Myron Taylor Hall","42.444705963134766","42.44342803955078","-76.48534393310547","-76.48698425292969","42.44406509399414","-76.48616790771484","0","0",,"ff0000","25"
"210","Parrington Hall","47.65778732299805","47.65709686279297","-122.30955505371094","-122.31074523925781","47.657440185546875","-122.31015014648438","0","0",,"ff0000","24"
"209","Barton Hall","42.44645690917969","42.445472717285156","-76.4798355102539","-76.48167419433594","42.44596481323242","-76.48075866699219","0","0",,"ff0000","25"
"238","Willard Straight Hall","42.44691467285156","42.44614028930664","-76.48514556884766","-76.48627471923828","42.44652557373047","-76.48571014404297","0","0",,"ff0000","25"
"214","Architecture","47.654903411865234","47.654266357421875","-122.31050109863281","-122.31134796142578","47.65458297729492","-122.31092834472656","0","0",,"ff0000","24"
"215","Sage Chapel","42.44746017456055","42.44696807861328","-76.48405456542969","-76.48492431640625","42.44721603393555","-76.48448944091797","0","0",,"ff0000","25"
"216","Hall Health","47.65644836425781","47.655845642089844","-122.30368041992188","-122.3045883178711","47.65614700317383","-122.30413818359375","0","0",,"ff0000","24"
"217","Oregon Capitol Building","44.9395751953125","44.937400817871094","-123.02850341796875","-123.03192138671875","44.9384880065918","-123.03021240234375","0","0",,"ff0000","21"
"218","Olive Tjaden Hall","42.45107650756836","42.45072555541992","-76.48497009277344","-76.48568725585938","42.45090103149414","-76.4853286743164","0","0",,"ff0000","25"
"221","Clara Dickson Hall","42.455142974853516","42.45397186279297","-76.47834014892578","-76.47997283935547","42.454559326171875","-76.47915649414062","0","0",,"ff0000","25"
"222","William Gates Hall (Law)","47.659698486328125","47.65869903564453","-122.30999755859375","-122.31199645996094","47.65919876098633","-122.31099700927734","0","0",,"ff0000","4"
"227","Rhodes Hall","42.44380187988281","42.44300079345703","-76.48069763183594","-76.48210144042969","42.44340133666992","-76.48139953613281","0","0",,"ff0000","25"
"228","Duffield Hall","42.445133209228516","42.44418716430664","-76.4815444946289","-76.48322296142578","42.44466018676758","-76.48238372802734","0","0",,"ff0000","25"
"229","Music","47.6580696105957","47.657283782958984","-122.30528259277344","-122.30641174316406","47.657676696777344","-122.30584716796875","0","0",,"ff0000","24"
"230","William Gates Hall (Law)","47.6596412659","47.6587181091","-122.3099899292","-122.3116836548","47.6591796875","-122.31083679199219","0","0",,"ff0000","24"
"231","Hutchinson Hall","47.65996170043945","47.65916442871094","-122.30596160888672","-122.30735778808594","47.65956497192383","-122.3066635131836","0","0",,"ff0000","24"
"232","Smith Hall","47.657047271728516","47.656036376953125","-122.30658721923828","-122.30827331542969","47.65654373168945","-122.30743408203125","0","0",,"ff0000","24"
"233","White Hall","42.45060348510742","42.44992446899414","-76.48500061035156","-76.48563385009766","42.45026397705078","-76.48531341552734","0","0",,"ff0000","25"
"235","Johnson Hall","47.65494155883789","47.65373992919922","-122.30811309814453","-122.30978393554688","47.65433883666992","-122.30894470214844","0","0",,"ff0000","24"
"236","Risley Residential College for the Creative and Performing Arts","42.453433990478516","42.452632904052734","-76.48123168945312","-76.48263549804688","42.453033447265625","-76.48193359375","0","0",,"ff0000","25"
"239","Husky Union Building (HUB)","47.65596008300781","47.65455627441406","-122.30461120605469","-122.305908203125","47.65525817871094","-122.30525970458984","0","0",,"ff0000","24"
"240","Goldwin Smith Hall","42.44973373413086","42.448394775390625","-76.48270416259766","-76.48413848876953","42.44906234741211","-76.4834213256836","0","0",,"ff0000","25"
"241","Anabel Taylor Hall","42.44520568847656","42.44456481933594","-76.48536682128906","-76.48643493652344","42.44488525390625","-76.48590087890625","0","0",,"ff0000","25"
"244","Arts and Industries Building","38.88898270067021","38.88756720249069","-77.02371954917908","-77.0253074169159","38.888274951580456","-77.02451348304749","0","0",,"ff0000","7"
"245","Department of Agriculture","38.88852757306361","38.88697427156763","-77.02830076217651","-77.03186273574829","38.88775092231562","-77.0300817489624","0","0",,"ff0000","7"
"246","Freer Gallery","38.888493320151774","38.887693320151776","-77.02671026878357","-77.02811026878356","38.888093320151775","-77.02741026878357","0","0",,"ff0000","7"
"247","International Gallery","38.88890279838172","38.88810279838172","-77.02614164047242","-77.0275416404724","38.88850279838172","-77.02684164047241","0","0",,"ff0000","7"
"248","Air and Space Museum","38.8884190100845","38.8879012459017","-77.0193207263947","-77.0207369327545","38.88822276121734","-77.01982498168947","0.004607170419427201","3.2203579532838185","{'/projects/grail/photocity3/special_seeds/NASM_Int/images/IMG_0781.jpg': (38.888371850824285,-77.01962809432622),'/projects/grail/photocity3/special_seeds/NASM_Int/images/IMG_0804.jpg': (38.888339323058105,-77.01962175013486),'/projects/grail/photocity3/special_seeds/NASM_Int/images/IMG_0825.jpg': (38.88826824202574,-77.01968105141091),'/projects/grail/photocity3/special_seeds/NASM_Int/images/IMG_0860.jpg': (38.888217493264364,-77.0196735432391),'/projects/grail/photocity3/special_seeds/NASM_Int/images/IMG_0898.jpg': (38.88822378551384,-77.01971941057324),'/projects/grail/photocity3/special_seeds/NASM_Int/images/IMG_0949.jpg': (38.888308494021125,-77.01992231583526),'/projects/grail/photocity3/special_seeds/NASM_Int/images/IMG_0969.jpg': (38.88836823778797,-77.01993960423528),'/projects/grail/photocity3/special_seeds/NASM_Int/images/IMG_0989.jpg': (38.888354596330466,-77.01981231392091),'/projects/grail/photocity3/special_seeds/NASM_Int/images/IMG_1009.jpg': (38.88835611586399,-77.01978185846734),'/projects/grail/photocity3/special_seeds/NASM_Int/images/IMG_1029.jpg': (38.88831048647029,-77.01977329398143),'/projects/grail/photocity3/special_seeds/NASM_Int/images/IMG_1049.jpg': (38.8882627183672,-77.01981262292358),'/projects/grail/photocity3/special_seeds/NASM_Int/images/IMG_1069.jpg': (38.88821510756955,-77.01978115148201),'/projects/grail/photocity3/special_seeds/NASM_Int/images/IMG_1089.jpg': (38.888248865456,-77.01974809262312),'/projects/grail/photocity3/special_seeds/NASM_Int/images/IMG_1109.jpg': (38.8882514920024,-77.01974723870157),'/projects/grail/photocity3/special_seeds/NASM_Int/images/IMG_1129.jpg': (38.88828333682696,-77.01973549414089),'/projects/grail/grail27/photocity27/bulk_files/images/145970.jpg': (38.88829280715761,-77.01975595776109),'/projects/grail/grail27/photocity27/bulk_files/images/146078.jpg': (38.888327699101005,-77.01963642485438),'/projects/grail/grail27/photocity27/bulk_files/images/146100.jpg': (38.88828402047954,-77.019808167004),'/projects/grail/grail27/photocity27/bulk_files/images/146120.jpg': (38.88824217329609,-77.01982001862632),'/projects/grail/grail27/photocity27/bulk_files/images/146145.jpg': (38.888162014107415,-77.01977774138417),'/projects/grail/grail27/photocity27/bulk_files/images/146168.jpg': (38.88825680965735,-77.01979592324417),'/projects/grail/grail27/photocity27/bulk_files/images/146188.jpg': (38.888256535915914,-77.0197966764352),'/projects/grail/grail27/photocity27/bulk_files/images/146209.jpg': (38.88829096985893,-77.01969669085572),'/projects/grail/grail27/photocity27/bulk_files/images/146230.jpg': (38.888321590496105,-77.01972989103598),'/projects/grail/grail27/photocity27/bulk_files/images/146252.jpg': (38.88828474318182,-77.01988045164182),'/projects/grail/grail27/photocity27/bulk_files/images/146298.jpg': (38.88826401763108,-77.01991840801811),'/projects/grail/grail27/photocity27/bulk_files/images/146318.jpg': (38.8881888617215,-77.01987260405404),'/projects/grail/grail27/photocity27/bulk_files/images/146340.jpg': (38.8881481961952,-77.0198575516235),'/projects/grail/grail27/photocity27/bulk_files/images/146360.jpg': (38.888250736770885,-77.01988337786193),'/projects/grail/grail27/photocity27/bulk_files/images/146382.jpg': (38.888339825409986,-77.0198350608566),'/projects/grail/grail27/photocity27/bulk_files/images/146402.jpg': (38.88817807359559,-77.01999102028027),'/projects/grail/grail27/photocity27/bulk_files/images/146423.jpg': (38.88835680378497,-77.01969326977476),'/projects/grail/grail27/photocity27/bulk_files/images/146455.jpg': (38.88822881557109,-77.01967174535191),'/projects/grail/grail27/photocity27/bulk_files/images/146475.jpg': (38.88835201727226,-77.01964424048383),'/projects/grail/grail27/photocity27/bulk_files/images/146497.jpg': (38.888178081519875,-77.01999105866673),'/projects/grail/grail27/photocity27/bulk_files/images/146518.jpg': (38.88826903487855,-77.01976102297449),'/projects/grail/grail27/photocity27/bulk_files/images/146547.jpg': (38.88820963738554,-77.01978838249771),'/projects/grail/grail27/photocity27/bulk_files/images/146567.jpg': (38.88829003378109,-77.01985798885082),'/projects/grail/grail27/photocity27/bulk_files/images/146587.jpg': (38.888194135632084,-77.01975994338952),'/projects/grail/grail27/photocity27/bulk_files/images/146607.jpg': (38.88837633586616,-77.01994843982861),'/projects/grail/grail27/photocity27/bulk_files/images/146627.jpg': (38.8882640780319,-77.01971719684809),'/projects/grail/grail27/photocity27/bulk_files/images/146645.jpg': (38.8881878480257,-77.01987214319158),'/projects/grail/grail27/photocity27/bulk_files/images/146713.jpg': (38.88812369526023,-77.01965411833585),'/projects/grail/grail27/photocity27/bulk_files/images/146772.jpg': (38.888272568342,-77.01990901320393),'/projects/grail/grail27/photocity27/bulk_files/images/146961.jpg': (38.88827042458804,-77.01978597505993),'/projects/grail/grail27/photocity27/bulk_files/images/146983.jpg': (38.88829626182642,-77.01989503362093),'/projects/grail/grail27/photocity27/bulk_files/images/147004.jpg': (38.88817191990429,-77.01983924593975),'/projects/grail/grail27/photocity27/bulk_files/images/147024.jpg': (38.888272949655885,-77.0197422716651),'/projects/grail/grail27/photocity27/bulk_files/images/147044.jpg': (38.888247941408416,-77.01970858667553),'/projects/grail/grail27/photocity27/bulk_files/images/147065.jpg': (38.88837547398492,-77.01994908377584),'/projects/grail/grail27/photocity27/bulk_files/images/147085.jpg': (38.88822900766296,-77.01976205367271),'/projects/grail/grail27/photocity27/bulk_files/images/147105.jpg': (38.888187838985665,-77.0198721756516),'/projects/grail/grail27/photocity27/bulk_files/images/147133.jpg': (38.88819354533141,-77.01975810484778),'/projects/grail/grail27/photocity27/bulk_files/images/148123.jpg': (38.88819803907044,-77.01974962972514),'/projects/grail/grail27/photocity27/bulk_files/images/148175.jpg': (38.888200175612155,-77.01987456318078),'/projects/grail/grail27/photocity27/bulk_files/images/148221.jpg': (38.88827690461872,-77.01970775159296),'/projects/grail/grail27/photocity27/bulk_files/images/148253.jpg': (38.88816158918797,-77.01969201880209),'/projects/grail/grail27/photocity27/bulk_files/images/148447.jpg': (38.88813242898494,-77.01957268927003),'/projects/grail/grail27/photocity27/bulk_files/images/149106.jpg': (38.888320610175306,-77.01995564451394),'/projects/grail/grail27/photocity27/bulk_files/images/150464.jpg': (38.88820968849551,-77.01996509679486),'/projects/grail/grail27/photocity27/bulk_files/images/150488.jpg': (38.88813688976953,-77.01956617818647),}","ff0000","7"
"249","National Gallery of Art","38.89188459252509","38.8906737455889","-77.01835513114929","-77.02153086662292","38.89127916905699","-77.01994299888611","0","0",,"ff0000","7"
"250","Museum of American History","38.891784385286215","38.89059023814278","-77.02880501747131","-77.03127264976501","38.891187311714496","-77.03003883361816","0","0",,"ff0000","7"
"251","National Museum of the American Indian","38.888869962910924","38.88762566020101","-77.01544761657715","-77.01762557029724","38.88824781155597","-77.0165365934372","0","0",,"ff0000","7"
"252","Museum of Natural History","38.8918929431219","38.8905568351368","-77.0242238044739","-77.0278608798981","38.8912248891294","-77.026042342186","0","0",,"ff0000","0"
"253","Washington Monument","38.89039817064413","38.88852757306361","-77.03291416168213","-77.03681945800781","38.88946287185387","-77.03486680984497","0","0",,"ff0000","7"
"254","Smithsonian Castle","38.889178947454","38.8883689040382","-77.0250231027603","-77.0269757509232","38.8888574359902","-77.026230096817","0.00792194834339042","-3.26290233848232","{'/projects/grail/photocity3/special_seeds/Castle2/images/IMG_9917.jpg': (38.889058111554455,-77.02674099945024),'/projects/grail/photocity3/special_seeds/Castle2/images/IMG_9919.jpg': (38.88906671578651,-77.02670873253729),'/projects/grail/photocity3/special_seeds/Castle2/images/IMG_9921.jpg': (38.88907157696159,-77.02667640419189),'/projects/grail/photocity3/special_seeds/Castle2/images/IMG_9923.jpg': (38.88907587051114,-77.02664564330014),'/projects/grail/photocity3/special_seeds/Castle2/images/IMG_9925.jpg': (38.889082166614166,-77.02661397385573),'/projects/grail/photocity3/special_seeds/Castle2/images/IMG_9927.jpg': (38.889080054290645,-77.02660620726125),'/projects/grail/photocity3/special_seeds/Castle2/images/IMG_9929.jpg': (38.88908266963816,-77.02659988090792),'/projects/grail/photocity3/special_seeds/Castle2/images/IMG_9931.jpg': (38.889090740829054,-77.02657045351623),'/projects/grail/photocity3/special_seeds/Castle2/images/IMG_9933.jpg': (38.88909552316682,-77.02655396397202),'/projects/grail/photocity3/special_seeds/Castle2/images/IMG_9935.jpg': (38.889099981249814,-77.02653583842176),'/projects/grail/photocity3/special_seeds/Castle2/images/IMG_9937.jpg': (38.88910008821797,-77.02651054017424),'/projects/grail/photocity3/special_seeds/Castle2/images/IMG_9939.jpg': (38.88910827726417,-77.02647751735073),'/projects/grail/photocity3/special_seeds/Castle2/images/IMG_9941.jpg': (38.889109131379215,-77.02645008411132),'/projects/grail/photocity3/special_seeds/Castle2/images/IMG_9943.jpg': (38.889109890070614,-77.02642938640732),'/projects/grail/photocity3/special_seeds/Castle2/images/IMG_9945.jpg': (38.889115405133595,-77.02638909145094),'/projects/grail/photocity3/special_seeds/Castle2/images/IMG_9947.jpg': (38.889119802543604,-77.026364263478),'/projects/grail/photocity3/special_seeds/Castle2/images/IMG_9949.jpg': (38.88912321839651,-77.02634474953886),'/projects/grail/photocity3/special_seeds/Castle2/images/IMG_9951.jpg': (38.889122498900626,-77.02632891571578),'/projects/grail/photocity3/special_seeds/Castle2/images/IMG_9953.jpg': (38.889125110502064,-77.02630561134733),'/projects/grail/photocity3/special_seeds/Castle2/images/IMG_9955.jpg': (38.88912688142563,-77.02627879570342),'/projects/grail/photocity3/special_seeds/Castle2/images/IMG_9957.jpg': (38.88913019125471,-77.02625541236996),'/projects/grail/photocity3/special_seeds/Castle2/images/IMG_9959.jpg': (38.889130842556895,-77.02622921341413),'/projects/grail/photocity3/special_seeds/Castle2/images/IMG_9961.jpg': (38.88912874297376,-77.02620180861295),'/projects/grail/photocity3/special_seeds/Castle2/images/IMG_9963.jpg': (38.889138676301,-77.02612751642458),'/projects/grail/photocity3/special_seeds/Castle2/images/IMG_9965.jpg': (38.889138308008505,-77.02612893110603),'/projects/grail/photocity3/special_seeds/Castle2/images/IMG_9967.jpg': (38.88913861755086,-77.02613013312396),'/projects/grail/photocity3/special_seeds/Castle2/images/IMG_9969.jpg': (38.889137686847185,-77.02612912931215),'/projects/grail/photocity3/special_seeds/Castle2/images/IMG_9972.jpg': (38.889139640705885,-77.02604710621307),'/projects/grail/photocity3/special_seeds/Castle2/images/IMG_9974.jpg': (38.88913931509709,-77.02604771342187),'/projects/grail/photocity3/special_seeds/Castle2/images/IMG_9976.jpg': (38.88913947008472,-77.02604972864698),'/projects/grail/photocity3/special_seeds/Castle2/images/IMG_9978.jpg': (38.8891440829207,-77.02599294915854),'/projects/grail/photocity3/special_seeds/Castle2/images/IMG_9980.jpg': (38.88914453770929,-77.02599368079424),'/projects/grail/photocity3/special_seeds/Castle2/images/IMG_9982.jpg': (38.88914446380953,-77.02599551457281),'/projects/grail/photocity3/special_seeds/Castle2/images/IMG_9984.jpg': (38.88914371116838,-77.02590696770002),'/projects/grail/photocity3/special_seeds/Castle2/images/IMG_9986.jpg': (38.889144694959846,-77.02590789179483),'/projects/grail/photocity3/special_seeds/Castle2/images/IMG_9988.jpg': (38.88914468271007,-77.02590576690858),'/projects/grail/photocity3/special_seeds/Castle2/images/IMG_9990.jpg': (38.88913557653638,-77.02584194650335),'/projects/grail/photocity3/special_seeds/Castle2/images/IMG_9992.jpg': (38.88913576509801,-77.02584175190725),'/projects/grail/photocity3/special_seeds/Castle2/images/IMG_9994.jpg': (38.88913571556727,-77.02583995915546),'/projects/grail/photocity3/special_seeds/Castle2/images/IMG_9996.jpg': (38.88913596074401,-77.02583929553748),'/projects/grail/photocity3/special_seeds/Castle2/images/IMG_9998.jpg': (38.889125734560196,-77.02575838037329),'/projects/grail/grail27/photocity27/bulk_files/images/145659.jpg': (38.889237038866284,-77.02595557164214),'/projects/grail/grail27/photocity27/bulk_files/images/145661.jpg': (38.88923662486343,-77.02598452384197),'/projects/grail/grail27/photocity27/bulk_files/images/145663.jpg': (38.889236518557084,-77.0260158692044),'/projects/grail/grail27/photocity27/bulk_files/images/145944.jpg': (38.88912976763895,-77.02598288031034),'/projects/grail/grail27/photocity27/bulk_files/images/145667.jpg': (38.88914235651056,-77.02600881712091),'/projects/grail/grail27/photocity27/bulk_files/images/145668.jpg': (38.889129676455525,-77.02598482662107),'/projects/grail/grail27/photocity27/bulk_files/images/145670.jpg': (38.88913127838624,-77.02598424498613),'/projects/grail/grail27/photocity27/bulk_files/images/145672.jpg': (38.88912976867874,-77.02598287911566),'/projects/grail/grail27/photocity27/bulk_files/images/145674.jpg': (38.88912999098287,-77.02598124007828),'/projects/grail/grail27/photocity27/bulk_files/images/145676.jpg': (38.88898608918899,-77.02572578921126),'/projects/grail/grail27/photocity27/bulk_files/images/145860.jpg': (38.889033964341564,-77.02589335055598),'/projects/grail/grail27/photocity27/bulk_files/images/145738.jpg': (38.889065630536315,-77.0267040876901),'/projects/grail/grail27/photocity27/bulk_files/images/145754.jpg': (38.88895258203228,-77.02652764390749),'/projects/grail/grail27/photocity27/bulk_files/images/145756.jpg': (38.88895723863873,-77.02652066082604),'/projects/grail/grail27/photocity27/bulk_files/images/145758.jpg': (38.88896160751175,-77.02650575089284),'/projects/grail/grail27/photocity27/bulk_files/images/145761.jpg': (38.889124629193624,-77.02597677424644),'/projects/grail/grail27/photocity27/bulk_files/images/145941.jpg': (38.889237038846574,-77.02595557343743),'/projects/grail/grail27/photocity27/bulk_files/images/145918.jpg': (38.88896289918893,-77.02656210794618),'/projects/grail/grail27/photocity27/bulk_files/images/145922.jpg': (38.8889470498209,-77.0265187040164),'/projects/grail/grail27/photocity27/bulk_files/images/145925.jpg': (38.889004850570146,-77.02626934198562),'/projects/grail/grail27/photocity27/bulk_files/images/145994.jpg': (38.88898462603148,-77.02564449000634),'/projects/grail/grail27/photocity27/bulk_files/images/145997.jpg': (38.8890339745183,-77.02589334697865),'/projects/grail/grail27/photocity27/bulk_files/images/146004.jpg': (38.888983183501324,-77.02562810612606),'/projects/grail/grail27/photocity27/bulk_files/images/145752.jpg': (38.888951922832256,-77.02653268116401),'/projects/grail/grail27/photocity27/bulk_files/images/146068.jpg': (38.88896172012926,-77.02660209669084),'/projects/grail/grail27/photocity27/bulk_files/images/146070.jpg': (38.888947052012306,-77.02651870446459),'/projects/grail/grail27/photocity27/bulk_files/images/146073.jpg': (38.88893104740152,-77.02643849858833),'/projects/grail/grail27/photocity27/bulk_files/images/146828.jpg': (38.88923697115799,-77.02587139985755),'/projects/grail/grail27/photocity27/bulk_files/images/147258.jpg': (38.889144636620266,-77.0260151162844),'/projects/grail/grail27/photocity27/bulk_files/images/147287.jpg': (38.88914571721825,-77.02584230991748),'/projects/grail/grail27/photocity27/bulk_files/images/147290.jpg': (38.88914408852029,-77.02590940828223),'/projects/grail/grail27/photocity27/bulk_files/images/147312.jpg': (38.88914566326605,-77.0259794797828),'/projects/grail/grail27/photocity27/bulk_files/images/147317.jpg': (38.88914558946524,-77.02597950361313),'/projects/grail/grail27/photocity27/bulk_files/images/147339.jpg': (38.889070583993345,-77.0266238834072),'/projects/grail/grail27/photocity27/bulk_files/images/147342.jpg': (38.88906747189056,-77.02661784632487),'/projects/grail/grail27/photocity27/bulk_files/images/147348.jpg': (38.88914396062585,-77.02601429567383),'/projects/grail/grail27/photocity27/bulk_files/images/147367.jpg': (38.88912995387194,-77.02632808529646),'/projects/grail/grail27/photocity27/bulk_files/images/147369.jpg': (38.8890409193152,-77.0267552282648),'/projects/grail/grail27/photocity27/bulk_files/images/147389.jpg': (38.88913768825974,-77.02622817027475),'/projects/grail/grail27/photocity27/bulk_files/images/147394.jpg': (38.889147889510035,-77.02590759511419),'/projects/grail/grail27/photocity27/bulk_files/images/147407.jpg': (38.88910308233555,-77.02642007748221),'/projects/grail/grail27/photocity27/bulk_files/images/147412.jpg': (38.889129207027096,-77.02632676810214),'/projects/grail/grail27/photocity27/bulk_files/images/147420.jpg': (38.88914406384362,-77.02601061950269),'/projects/grail/grail27/photocity27/bulk_files/images/147435.jpg': (38.88906968733844,-77.0266189121211),'/projects/grail/grail27/photocity27/bulk_files/images/147439.jpg': (38.889142914953204,-77.02606309316847),'/projects/grail/grail27/photocity27/bulk_files/images/147446.jpg': (38.889143958112534,-77.0260679418431),'/projects/grail/grail27/photocity27/bulk_files/images/147448.jpg': (38.88906969103193,-77.02662026154975),'/projects/grail/grail27/photocity27/bulk_files/images/147452.jpg': (38.88914293005554,-77.02606308017657),'/projects/grail/grail27/photocity27/bulk_files/images/147460.jpg': (38.88912916115299,-77.02632685744271),'/projects/grail/grail27/photocity27/bulk_files/images/147468.jpg': (38.889145669477486,-77.02606911048136),'/projects/grail/grail27/photocity27/bulk_files/images/147485.jpg': (38.88914405710391,-77.02601061457109),'/projects/grail/grail27/photocity27/bulk_files/images/147488.jpg': (38.889147888567045,-77.02590759550746),'/projects/grail/grail27/photocity27/bulk_files/images/147490.jpg': (38.88913003436878,-77.02632799195644),'/projects/grail/grail27/photocity27/bulk_files/images/147492.jpg': (38.88913761988688,-77.0262281623947),'/projects/grail/grail27/photocity27/bulk_files/images/147494.jpg': (38.88904091220372,-77.02675521616814),'/projects/grail/grail27/photocity27/bulk_files/images/147496.jpg': (38.889145721633284,-77.02597944314228),'/projects/grail/grail27/photocity27/bulk_files/images/147498.jpg': (38.88914470130634,-77.02590786826421),'/projects/grail/grail27/photocity27/bulk_files/images/147551.jpg': (38.88914571084595,-77.02584231396784),'/projects/grail/grail27/photocity27/bulk_files/images/147555.jpg': (38.88914130796566,-77.02579570680314),}","ff0000","7"
"255","Hirshhorn Museum and Sculpture Garden","38.888611082934645","38.887659064585314","-77.02221751213074","-77.0236337184906","38.88813507375998","-77.02292561531067","0","0",,"ff0000","7"
"256","google corner","47.649033639486","47.6481932300719","-122.349809166718","-122.351217269897","47.6483785307103","-122.35013234462689","0.005639336502691634","2.0102310237234366","{'/projects/grail/photocity3/user_seeds/881/img33536.jpg': (47.648227719683554,-122.34990664545505),'/projects/grail/photocity3/user_seeds/881/img33538.jpg': (47.64823098539174,-122.34993036214337),'/projects/grail/photocity3/user_seeds/881/img33540.jpg': (47.64823246906724,-122.34995487327735),'/projects/grail/photocity3/user_seeds/881/img33542.jpg': (47.64823803054794,-122.34998859224466),'/projects/grail/photocity3/user_seeds/881/img33544.jpg': (47.64824300255949,-122.35001059143424),'/projects/grail/photocity3/user_seeds/881/img33546.jpg': (47.64824853406293,-122.35003280664903),'/projects/grail/photocity3/user_seeds/881/img33548.jpg': (47.64829511354445,-122.35014760292452),'/projects/grail/photocity3/user_seeds/881/img33550.jpg': (47.648302272122514,-122.35016735886155),'/projects/grail/photocity3/user_seeds/881/img33552.jpg': (47.648308959413235,-122.35018828698362),'/projects/grail/photocity3/user_seeds/881/img33554.jpg': (47.648317083647285,-122.35020756841084),'/projects/grail/photocity3/user_seeds/881/img33556.jpg': (47.64832211054259,-122.35022460070405),'/projects/grail/photocity3/user_seeds/881/img33558.jpg': (47.64832710823159,-122.35023958494416),'/projects/grail/photocity3/user_seeds/881/img33560.jpg': (47.64833920160723,-122.35026200693287),}","ff0000","18"
"257","Lenin","47.6517005915219","47.6510356731357","-122.350337505341","-122.351335287094","47.651375359765076","-122.35091149806942","1.1996255923313817","3.843725987284812","{'/projects/grail/photocity3/user_seeds/886/img33994.jpg': (47.65105654590681,-122.35134543815741),'/projects/grail/photocity3/user_seeds/886/img33996.jpg': (47.65117549408006,-122.3513449648082),'/projects/grail/photocity3/user_seeds/886/img33998.jpg': (47.65124225913761,-122.35135672503328),'/projects/grail/photocity3/user_seeds/886/img34000.jpg': (47.651257853909435,-122.35135447804265),'/projects/grail/photocity3/user_seeds/886/img34002.jpg': (47.651265873656286,-122.35131171193188),'/projects/grail/photocity3/user_seeds/886/img34004.jpg': (47.65126146021617,-122.35129626486324),'/projects/grail/photocity3/user_seeds/886/img34006.jpg': (47.65123436910889,-122.35123512449265),'/projects/grail/photocity3/user_seeds/886/img34008.jpg': (47.65117047073997,-122.35112137540462),'/projects/grail/photocity3/user_seeds/886/img34010.jpg': (47.6512265496113,-122.3510841017533),'/projects/grail/photocity3/user_seeds/886/img34012.jpg': (47.65123748614634,-122.3510779178982),'/projects/grail/photocity3/user_seeds/886/img34014.jpg': (47.65124823349027,-122.35107239726848),'/projects/grail/photocity3/user_seeds/886/img34016.jpg': (47.651287772857145,-122.35106311456656),'/projects/grail/photocity3/user_seeds/886/img34018.jpg': (47.65130016077901,-122.35106072137971),'/projects/grail/photocity3/user_seeds/886/img34020.jpg': (47.65131225668974,-122.35105805987776),'/projects/grail/photocity3/user_seeds/886/img34022.jpg': (47.65132392559332,-122.35105449259382),'/projects/grail/photocity3/user_seeds/886/img34024.jpg': (47.651335180226454,-122.35105151599254),'/projects/grail/photocity3/user_seeds/886/img34026.jpg': (47.65134561078769,-122.35104753837048),'/projects/grail/photocity3/user_seeds/886/img34028.jpg': (47.651355227873715,-122.35104245552041),'/projects/grail/photocity3/user_seeds/886/img34030.jpg': (47.651363242100636,-122.35103687899188),'/projects/grail/photocity3/user_seeds/886/img34032.jpg': (47.65136906706197,-122.3510292467321),'/projects/grail/photocity3/user_seeds/886/img34034.jpg': (47.65137225679917,-122.35102260867725),'/projects/grail/photocity3/user_seeds/886/img34036.jpg': (47.65137391158976,-122.35101817663895),'/projects/grail/photocity3/user_seeds/886/img34038.jpg': (47.6513748883053,-122.3510163493858),'/projects/grail/photocity3/user_seeds/886/img34040.jpg': (47.65137474331872,-122.35101632596952),'/projects/grail/photocity3/user_seeds/886/img34042.jpg': (47.651374607046094,-122.35101603835456),'/projects/grail/photocity3/user_seeds/886/img34044.jpg': (47.65137479578417,-122.35101618557508),'/projects/grail/photocity3/user_seeds/886/img34046.jpg': (47.651375146518355,-122.35101643850956),'/projects/grail/photocity3/user_seeds/886/img34048.jpg': (47.65137544676139,-122.35101653604404),'/projects/grail/photocity3/user_seeds/886/img34050.jpg': (47.651396820376526,-122.35104151832685),'/projects/grail/photocity3/user_seeds/886/img34052.jpg': (47.65139718791517,-122.35104198090428),'/projects/grail/photocity3/user_seeds/886/img34054.jpg': (47.65139742328054,-122.35104245751458),'/projects/grail/photocity3/user_seeds/886/img34056.jpg': (47.65139313546859,-122.351042899917),'/projects/grail/photocity3/user_seeds/886/img34058.jpg': (47.6513931463342,-122.35104242662959),'/projects/grail/photocity3/user_seeds/886/img34060.jpg': (47.65139324117385,-122.35104248841611),'/projects/grail/photocity3/user_seeds/886/img34062.jpg': (47.651393460429695,-122.35104241290519),'/projects/grail/photocity3/user_seeds/886/img34064.jpg': (47.6514046703896,-122.3510641378612),'/projects/grail/photocity3/user_seeds/886/img34066.jpg': (47.65141317879899,-122.35107195226212),'/projects/grail/photocity3/user_seeds/886/img34068.jpg': (47.65142313842851,-122.35108257205658),'/projects/grail/photocity3/user_seeds/886/img34070.jpg': (47.65143205222419,-122.35109154701715),'/projects/grail/photocity3/user_seeds/886/img34072.jpg': (47.65144136417246,-122.35110079107551),'/projects/grail/photocity3/user_seeds/886/img34074.jpg': (47.65149948777834,-122.35115392900885),'/projects/grail/photocity3/user_seeds/886/img34076.jpg': (47.65140352810768,-122.35106520103439),'/projects/grail/photocity3/user_seeds/886/img34078.jpg': (47.6513982561228,-122.35106330325351),'/projects/grail/photocity3/user_seeds/886/img34080.jpg': (47.6513933260296,-122.35105595694357),'/projects/grail/photocity3/user_seeds/886/img34082.jpg': (47.65138655336993,-122.35104637282899),'/projects/grail/photocity3/user_seeds/886/img34084.jpg': (47.65137837153514,-122.35103602664694),'/projects/grail/photocity3/user_seeds/886/img34086.jpg': (47.651370852084504,-122.35102831916284),'/projects/grail/photocity3/user_seeds/886/img34088.jpg': (47.6513640079366,-122.35102110705147),'/projects/grail/photocity3/user_seeds/886/img34090.jpg': (47.65135825009319,-122.35101445450913),'/projects/grail/photocity3/user_seeds/886/img34092.jpg': (47.65135316750022,-122.35100924299906),'/projects/grail/photocity3/user_seeds/886/img34094.jpg': (47.65134909171852,-122.35100636652109),'/projects/grail/photocity3/user_seeds/886/img34096.jpg': (47.65134717948085,-122.35100280187626),'/projects/grail/photocity3/user_seeds/886/img34098.jpg': (47.6513452593948,-122.35100200165579),'/projects/grail/photocity3/user_seeds/886/img34100.jpg': (47.65134472882267,-122.35100233446272),'/projects/grail/photocity3/user_seeds/886/img34102.jpg': (47.65131569208088,-122.3509165270241),'/projects/grail/photocity3/user_seeds/886/img34104.jpg': (47.651315730920814,-122.35091484022695),}","ff0000","18"
"261","Lima El Centro","-12.043863924008408","-12.047022200446197","-77.0287299156189","-77.0316481590271","-12.045443062227303","-77.030189037323","0","0",,"ff0000","26"
"262","Asilomar Social Hall","36.619359681731666","36.61865787102097","-121.93746507167816","-121.93817853927612","36.61900877637632","-121.93782180547714","0","0",,"ff0000","27"
"263","Asilomar Whitecaps","36.61994093116446","36.61954912647263","-121.93740606307983","-121.93804442882538","36.61974502881854","-121.9377252459526","0","0",,"ff0000","27"
"264","Asilomar Scripps","36.620345650403664","36.61989357026355","-121.93659603595734","-121.9372022151947","36.6201196103336","-121.93689912557602","0","0",,"ff0000","27"
"265","Asilomar Lodge","36.61994308393198","36.61954697369409","-121.93692594766617","-121.93735510110855","36.619745028813036","-121.93714052438736","0","0",,"ff0000","27"
"267","Natural History Museum","38.891767684066004","38.890648693365364","-77.02418088912964","-77.02793598175049","38.89120818871568","-77.02605843544006","0","0",,"ff0000","7"
"269","Carhuas, Peru","-14.21405088214795","-14.217961389151167","-76.1616039276123","-76.16576671600342","-14.216006135649558","-76.16368532180786","0","0",,"ff0000","28"
"270","Oregon Veterans Medal of Honor Memorial","44.93862641667436","44.93826092756401","-123.02928641438484","-123.02977055311203","44.938443672119185","-123.02952848374844","0","0",,"ff0000","21"
"271","Plaza Espanya, Barcelona, Spain","41.3759229837849","41.3738941506682","2.15046644210815","2.14792370796204","41.3749085672266","2.1491950750351","0","0",,"ff0000","41"
"272","Arc de Triumph, Barcelona, Spain","41.3915557573","41.3904289066","2.1817302704","2.1797561646","41.39099233196504","2.1807432174682617","0","0",,"ff0000","41"
"273","Port Veil, Barcelona, Spain","41.3813731467","41.380423225","2.1830821037","2.181622982","41.38089818585684","2.1823525428771973","0","0",,"ff0000","41"
"274","Barceloneta Beach, Barcelona, Spain","41.37697259830216","41.376377852366744","2.1912682056427","2.190660685300827","41.37667522533445","2.1909644454717636","0","0",,"ff0000","41"
"275","Northampton Guildhall","52.23744886064043","52.23690681277908","-0.894087553024292","-0.8956700563430786","52.237177836709755","-0.8948788046836853","0","0",,"ff0000","46"
"276","All Saints Church Turvey ","52","52","-1","-1","52.16310119628906","-0.6266070008277893","0","0",,"ff0000","45"
"277","Odawara Castle Keep","35.251454434019045","35.250722849127186","139.15400683879852","139.15335774421692","35.25108864157312","139.15368229150772","0","0",,"ff0000","43"
"278","Aqua City Odaiba","35.629090561857666","35.626535428403905","139.77594137191772","139.7711992263794","35.62781299513078","139.77357029914856","0","0",,"ff0000","43"
"279","Shinseiji Temple","35.7345688553503","35.733843833452774","139.73671942949295","139.73594158887863","35.734206344401535","139.7363305091858","0","0",,"ff0000","43"
"280","Nipponmaru Yokohama","35.45429475409732","35.45322416078788","139.63267385959625","139.6318370103836","35.4537594574426","139.63225543498993","0","0",,"ff0000","43"
"281","Meiji Memorial Picture Gallery","35.67912157131813","35.67831543050128","139.7185206413269","139.7167718410492","35.6787185009097","139.71764624118805","0","0",,"ff0000","43"
"282","Pacifico Yokohama","35.4616486896368","35.45661505233558","139.6388053894043","139.63350534439087","35.45913187098619","139.63615536689758","0","0",,"ff0000","43"
"283","Todai Faculty of Medicine Building 2","35.7112951891354","35.71042403671153","139.7628629207611","139.76179540157318","35.710859612923464","139.76232916116714","0","0",,"ff0000","43"
"284","Todai Yasuda Auditorium","35.71388245569941","35.712959063803694","139.7627556324005","139.7618007659912","35.71342075975156","139.76227819919586","0","0",,"ff0000","43"
"285","Todai Red Gate","35.710750719986294","35.71049590714686","139.76045966148376","139.76021826267242","35.71062331356657","139.7603389620781","0","0",,"ff0000","43"
"286","Temple in Honkomagome","35.72869010921519","35.72796285638582","139.75491285324097","139.7542369365692","35.728326482800504","139.7545748949051","0","0",,"ff0000","43"
"287","Meiji Jingu","35.67686435650859","35.67488597288086","139.70049619674683","139.69862401485443","35.67587516469472","139.69956010580063","0","0",,"ff0000","43"
"288","Tsukiji Hongan-ji","35.667268302231044","35.66564705653554","139.77370977401733","139.77120995521545","35.66645767938329","139.7724598646164","0","0",,"ff0000","43"
"289","Meiji Jingu Sake","35.67331717566996","35.672558912630656","139.7021484375","139.7015905380249","35.67293804415031","139.70186948776245","0","0",,"ff0000","43"
"290","Ueno Zoo Pagoda","35.71576840684839","35.71545263291931","139.77194219827652","139.77160692214966","35.71561051988385","139.7717745602131","0","0",,"ff0000","43"
"291","Hakone Stone Buddhas","35.21589703211763","35.21565817741195","139.03702229261398","139.0367567539215","35.215777604764796","139.03688952326775","0","0",,"ff0000","44"
"292","Hakone Flower Center","35.2202795625065","35.21948514446153","139.04409253902435","139.04284536838531","35.21988235348401","139.04346895370483","0","0",,"ff0000","44"
"293","Hakone Shrine","35.20502733570798","35.20439176407537","139.02580797672272","139.02482092380524","35.204709549891675","139.02531445026398","0","0",,"ff0000","44"
"294","Canal Fish","47.667338186890255","47.66674572013197","-122.3996901512146","-122.40063428878784","47.66704195351112","-122.40016222000122","0","0",,"ff0000","47"
"295","Canal Wall","47.66730206106093","47.666796296825105","-122.399582862854","-122.4006986618042","47.66704917894302","-122.4001407623291","0","0",,"ff0000","47"
"296","Canal Outdoors","47.667334574308434","47.66680352206298","-122.39969551563263","-122.40067720413208","47.66706904818571","-122.40018635988235","0","0",,"ff0000","47"
"298","Ryogoku Kakugikan","35.69778690015353","35.69608785624852","139.79433059692383","139.7920560836792","35.69693737820103","139.7931933403015","0","0",,"ff0000","43"
"299","Johnson Hall","47.65505396392984","47.65373143113213","-122.30813026428223","-122.30999708175659","47.65439269753098","-122.30906367301941","0","0",,"ff0000","58"
"300","Parrington Hall","47.65776396747659","47.65699795406709","-122.3093855381012","-122.31090903282166","47.65738096077184","-122.31014728546143","0","0",,"ff0000","58"
"301","Lewis Hall","47.65920457146353","47.65855887517029","-122.30468094348907","-122.30570280857086","47.65888172331691","-122.30519187602997","0","0",,"ff0000","58"
"302","Winterthur Kunstmuseum  - Switzerland","47.5024278076","47.5012916774","8.7309278944","8.7298044562","47.50185974252577","8.730216175317764","0","0",,"ff0000","48"
"303","Winterthur Oskar Reinhart Museum am Stadtgartenâ€Ž - Switzerland","47.5006628993807","47.5001990122073","8.72961401939392","8.72840166091919","47.500430955794","8.72900784015656","0","0",,"ff0000","48"
"304","Winterthur - Muenzkabinett","47.5031960859","47.5028518117","8.731212616","8.7308129668","47.50302394880485","8.731012791395187","0","0",,"ff0000","0"
"305","Winterthur Stadthaus - Switzerland","47.5012862413155","47.50049619039958","8.731834888458252","8.731019496917725","47.500891215857536","8.731427192687988","0","0",,"ff0000","48"
"306","Winterthur Muenzkabinett - Switzerland","47.50321782949474","47.50281194819561","8.731266260147095","8.730788826942444","47.50301488884517","8.73102754354477","0","0",,"ff0000","48"
"307","Where the capitol wall meets the sidewalk.","44.9388476076553","44.938268522166595","-123.02941650152206","-123.03034722805023","44.93855806491095","-123.02988186478615","0","0",,"ff0000","21"
"309","Clara Dickson","42.455214803360924","42.45394826401239","-76.47830843925476","-76.48002505302429","42.45458153368666","-76.47916674613953","0","0",,"ff0000","2"
"310","Sage Chapel","42.447536015499715","42.44697392291834","-76.48400008678436","-76.48502469062805","42.44725496920903","-76.48451238870621","0","0",,"ff0000","2"
"311","Goldwin Smith","42.44972892002358","42.448375186587434","-76.48292183876038","-76.48420929908752","42.44905205330551","-76.48356556892395","0","0",,"ff0000","2"
"312","Olive Tjaden","42.451114289448","42.4506788909306","-76.4848744869232","-76.4856898784637","42.4508965901893","-76.4852821826935","0","0",,"ff0000","2"
"313","White Hall","42.450548270785234","42.449895165972386","-76.48491203784943","-76.4857542514801","42.45022171837881","-76.48533314466476","0","0",,"ff0000","2"
"314","Willard Straight","42.44697808004572","42.44617808004572","-76.48503279380799","-76.48643279380798","42.44657808004572","-76.48573279380798","0","0",,"ff0000","2"
"315","Manchester Community Church 2","47.5538196676869","47.55362416401685","-122.55304008722304","-122.55328014492989","47.55372191585188","-122.55316011607648","0","0",,"ff0000","52"
"316","Obligatory Hydrant Synth","44.93805207559927","44.9378394255456","-122.972491979599","-122.97258719801904","44.93794575057244","-122.972539588809","0","0",,"ff0000","21"
"317","AU-Library","25.17644190175845","25.176019532620032","121.43494784832","121.43459916114809","25.17623071718924","121.43477350473404","0","0",,"ff0000","53"
"318","Boelter Hall: Northwest Entrance","34.0692937217","34.0684583071","-118.4424474835","-118.4432736039","34.0688760144203","-118.442860543728","0","0",,"ff0000","20"
"319","AU-Libraryå³å´","25.266230717189","25.086230717189","121.58477350473","121.28477350473","25.176230717189","121.43477350473","0","0",,"ff0000","53"
"320","AU-Libraryå¾Œå´","25.266230717189","25.086230717189","121.58477350473","121.28477350473","25.176230717189","121.43477350473","0","0",,"ff0000","53"
"321","åœ–æ›¸é¤¨å¾Œå´","25.176449184","25.1760171052","121.4349371195","121.4345723391","25.17623314458956","121.43475472927094","0","0",,"ff0000","53"
"322","Red Gym","43.0766231658514","43.07591001456969","-89.39804792404175","-89.39874529838562","43.076266590210544","-89.39839661121368","0","0",,"ff0000","54"
"323","Bristol, UK","51.4538464554873","51.450583756859","-2.59908199310303","-2.60328769683838","51.4522151061732","-2.6011848449707","0","0",,"ff0000","55"
"353","Orlean House","37.8618144522","37.8609589424","-84.6580266953","-84.6591103077","37.861386697303466","-84.65856850147247","0","0",,"ff0000","59"
"351","CSE Back Entrance","47.65368806883396","47.6529003141482","-122.30526566505432","-122.30732560157776","47.65329419149108","-122.30629563331604","0","0",,"ff0000","1"
"326","AU-Libraryå³å´å·¦","25.176449184","25.176009823","121.4349532127","121.4345830679","25.17622950346981","121.434768140316","0","0",,"ff0000","53"
"327","Science Hall","43.0761686308288","43.07549465889975","-89.40071940422058","-89.40144896507263","43.07583164486428","-89.4010841846466","0","0",,"ff0000","54"
"328","Pike Place Market","47.60930451685075","47.60850451685075","-122.33980989151","-122.34120989151","47.60890451685075","-122.34050989151","0","0",,"ff0000","56"
"329","Noland Hall","43.07168579450532","43.07134976449839","-89.40422102808952","-89.40478295087814","43.07151777950185","-89.40450198948383","0","0",,"ff0000","54"
"330","Grainger Hall","43.07318272212215","43.07216779351431","-89.40079987049103","-89.40232872962952","43.07267525781823","-89.40156430006027","0","0",,"ff0000","54"
"331","University Club","43.0747658204483","43.0743622126304","-89.3990617990494","-89.3994319438934","43.0745640165393","-89.3992468714714","0","0",,"ff0000","54"
"332","Chamberlin Hall","43.0743112716489","43.07355107043284","-89.40468907356262","-89.40603017807007","43.07393117104087","-89.40535962581635","0","0",,"ff0000","54"
"333","Chamberlin Hall","43.0743112716489","43.07355890760689","-89.4046676158905","-89.40611600875854","43.073935089627895","-89.40539181232452","0","0",,"ff0000","54"
"334","Law Building","43.07487945712135","43.07426424916687","-89.40166890621185","-89.4028490781784","43.07457185314411","-89.40225899219513","0","0",,"ff0000","54"
"335","Pyle Center","43.0766035738941","43.0759609542222","-89.3973451852798","-89.3980318307877","43.0762822640582","-89.3976885080338","0","0",,"ff0000","54"
"336","Dayton House","43.0708824543999","43.0705591560202","-89.4023421406746","-89.4030395150185","43.07072080521","-89.4026908278465","0","0",,"ff0000","54"
"337","Van Hise","43.076019730691705","43.075204691952","-89.40633058547974","-89.40746784210205","43.075612211321854","-89.4068992137909","0","0",,"ff0000","54"
"338","Lathrop Hall","43.07385867876182","43.073498169481816","-89.402414560318","-89.40354377031326","43.07367842412182","-89.40297916531563","0","0",,"ff0000","54"
"339","Pyle Center","43.07658790032372","43.07595703578888","-89.39735054969788","-89.39798891544342","43.0762724680563","-89.39766973257065","0","0",,"ff0000","54"
"340","Psychology Building","43.0729319305161","43.0722579229896","-89.405842423439","-89.406555891037","43.0725949267529","-89.406199157238","0","0",,"ff0000","54"
"341","Sterling Hall","43.07511064832293","43.07412318150432","-89.40523624420166","-89.40645396709442","43.074616914913626","-89.40584510564804","0","0",,"ff0000","54"
"342","Carillon Tower","43.07617842687776","43.07602756755004","-89.40489694476128","-89.40510883927345","43.0761029972139","-89.40500289201736","0","0",,"ff0000","54"
"343","Carillon Tower","43.0761412019","43.0760530373","-89.4049116969","-89.4051638246","43.07609711960804","-89.40503776073456","0","0",,"ff0000","54"
"344","Ag Hall","43.0760001385415","43.0754162895897","-89.4097638130188","-89.4107723236084","43.0757082140656","-89.4102680683136","0","0",,"ff0000","54"
"345","Bascom Hall","43.0757963798","43.0749382346","-89.4038254023","-89.4048982859","43.07536730721791","-89.4043618440628","0","0",,"ff0000","54"
"346","Lathrop Hall","43.07384888234201","43.07351580313723","-89.40240919589996","-89.40359473228455","43.073682342739616","-89.40300196409225","0","0",,"ff0000","54"
"347","Monument at Regent and East Campus Mall","43.0678394634","43.0677630437","-89.3989250064","-89.3990698457","43.067801253540445","-89.39899742603302","0","0",,"ff0000","54"
"348","UW Field 1/2 Building","43.06892696301147","43.06831561422536","-89.41231727600098","-89.41302537918091","43.06862128861842","-89.41267132759094","0","0",,"ff0000","54"
"349","Abe Lincoln","43.0755397212076","43.0751331796222","-89.4035692512989","-89.4040158390999","43.0753364504149","-89.4037925451994","0","0",,"ff0000","54"
"350","Memorial Library","43.07570625553623","43.075032278521824","-89.39738273620605","-89.39858436584473","43.07536926702903","-89.39798355102539","0","0",,"ff0000","54"
